{"cameraMode":{"drawMode":0,"name":"Shaded","section":"Shading Mode"},"sceneLighting":true,"audioPlay":false,"sceneViewState":{"showFog":true,"showMaterialUpdate":false,"showSkybox":true,"showFlares":true,"showImageEffects":true,"showParticleSystems":true},"in2DMode":false,"pivot":{"x":-2.84189772605896,"y":0.030430316925048829,"z":-3.619845390319824},"rotation":{"x":0.014730749651789666,"y":-0.9840735197067261,"z":0.0983327254652977,"w":0.1475280076265335},"size":3.2938156127929689,"orthographic":false}